	classification	Fee
0	Extreme Fear	0.6864794344411006
1	Extreme Greed	0.8357937286835083
2	Fear	1.1315206572731271
3	Greed	1.0929471364112469
4	Neutral	0.9223890374528302
